Date,Facebook Ad Campaign,Facebook Ad Views,Facebook Ad Clicks,Facebook Ad Conversions,Cost per Facebook Ad,Facebook Click-Through Rate (Clicks / View),Facebook Conversion Rate (Conversions / Clicks),Facebook Cost per Click (Ad Cost / Clicks),AdWords Ad Campaign,AdWords Ad Views,AdWords Ad Clicks,AdWords Ad Conversions,Cost per AdWords Ad,AdWords Click-Through Rate (Clicks / View),AdWords Conversion Rate (Conversions / Clicks),AdWords Cost per Click (Ad Cost / Clicks)
1/1/2019,FB_Jan19,1860,24,15,$121,1.29%,62.50%,$5.04,AW_Jan19,4638,58,26,$144,1.25%,44.83%,$2.48
1/2/2019,FB_Jan19,2482,33,25,$149,1.33%,75.76%,$4.52,AW_Jan19,5919,63,6,$122,1.06%,9.52%,$1.94
1/3/2019,FB_Jan19,1769,33,16,$79,1.87%,48.48%,$2.39,AW_Jan19,5853,41,24,$127,0.70%,58.54%,$3.10
1/4/2019,FB_Jan19,1021,34,21,$140,3.33%,61.76%,$4.12,AW_Jan19,4082,67,63,$84,1.64%,94.03%,$1.25
1/5/2019,FB_Jan19,1189,12,9,$100,1.01%,75.00%,$8.33,AW_Jan19,3646,60,12,$87,1.65%,20.00%,$1.45
1/6/2019,FB_Jan19,3435,34,32,$63,0.99%,94.12%,$1.85,AW_Jan19,3241,48,29,$122,1.48%,60.42%,$2.54
1/7/2019,FB_Jan19,3945,29,19,$109,0.74%,65.52%,$3.76,AW_Jan19,4478,47,38,$150,1.05%,80.85%,$3.19
1/8/2019,FB_Jan19,2955,49,8,$51,1.66%,16.33%,$1.04,AW_Jan19,4021,45,7,$123,1.12%,15.56%,$2.73
1/9/2019,FB_Jan19,2500,27,16,$83,1.08%,59.26%,$3.07,AW_Jan19,3201,75,17,$164,2.34%,22.67%,$2.19
1/10/2019,FB_Jan19,1815,24,12,$127,1.32%,50.00%,$5.29,AW_Jan19,4275,79,56,$93,1.85%,70.89%,$1.18
1/11/2019,FB_Jan19,3264,38,19,$94,1.16%,50.00%,$2.47,AW_Jan19,3064,64,10,$78,2.09%,15.62%,$1.22
1/12/2019,FB_Jan19,2367,10,8,$57,0.42%,80.00%,$5.70,AW_Jan19,4495,50,20,$102,1.11%,40.00%,$2.04
1/13/2019,FB_Jan19,1378,14,11,$90,1.02%,78.57%,$6.43,AW_Jan19,5182,48,11,$81,0.93%,22.92%,$1.69
1/14/2019,FB_Jan19,3977,42,27,$111,1.06%,64.29%,$2.64,AW_Jan19,4751,76,47,$173,1.60%,61.84%,$2.28
1/15/2019,FB_Jan19,3773,36,7,$114,0.95%,19.44%,$3.17,AW_Jan19,5660,53,6,$70,0.94%,11.32%,$1.32
1/16/2019,FB_Jan19,2028,35,27,$63,1.73%,77.14%,$1.80,AW_Jan19,3870,66,12,$84,1.71%,18.18%,$1.27
1/17/2019,FB_Jan19,2881,22,11,$101,0.76%,50.00%,$4.59,AW_Jan19,4020,71,7,$98,1.77%,9.86%,$1.38
1/18/2019,FB_Jan19,2059,22,11,$108,1.07%,50.00%,$4.91,AW_Jan19,4819,41,9,$97,0.85%,21.95%,$2.37
1/19/2019,FB_Jan19,2051,29,15,$141,1.41%,51.72%,$4.86,AW_Jan19,4496,78,65,$198,1.73%,83.33%,$2.54
1/20/2019,FB_Jan19,2400,36,34,$126,1.50%,94.44%,$3.50,AW_Jan19,4768,42,9,$131,0.88%,21.43%,$3.12
1/21/2019,FB_Jan19,2257,33,19,$108,1.46%,57.58%,$3.27,AW_Jan19,4631,63,44,$182,1.36%,69.84%,$2.89
1/22/2019,FB_Jan19,2853,21,18,$88,0.74%,85.71%,$4.19,AW_Jan19,4636,56,52,$71,1.21%,92.86%,$1.27
1/23/2019,FB_Jan19,1641,37,26,$136,2.25%,70.27%,$3.68,AW_Jan19,4759,72,4,$195,1.51%,5.56%,$2.71
1/24/2019,FB_Jan19,2153,35,10,$81,1.63%,28.57%,$2.31,AW_Jan19,5294,43,14,$192,0.81%,32.56%,$4.47
1/25/2019,FB_Jan19,1400,47,28,$118,3.36%,59.57%,$2.51,AW_Jan19,5931,73,14,$166,1.23%,19.18%,$2.27
1/26/2019,FB_Jan19,2147,15,7,$69,0.70%,46.67%,$4.60,AW_Jan19,5811,75,22,$159,1.29%,29.33%,$2.12
1/27/2019,FB_Jan19,2986,28,24,$145,0.94%,85.71%,$5.18,AW_Jan19,4734,72,43,$197,1.52%,59.72%,$2.74
1/28/2019,FB_Jan19,3598,27,12,$50,0.75%,44.44%,$1.85,AW_Jan19,4802,67,60,$111,1.40%,89.55%,$1.66
1/29/2019,FB_Jan19,2634,16,14,$109,0.61%,87.50%,$6.81,AW_Jan19,3880,41,4,$117,1.06%,9.76%,$2.85
1/30/2019,FB_Jan19,3301,21,9,$86,0.64%,42.86%,$4.10,AW_Jan19,4183,48,44,$168,1.15%,91.67%,$3.50
1/31/2019,FB_Jan19,2682,25,7,$69,0.93%,28.00%,$2.76,AW_Jan19,5199,72,27,$185,1.38%,37.50%,$2.57
2/1/2019,FB_Jan19,1586,17,8,$87,1.07%,47.06%,$5.12,AW_Jan19,3103,59,38,$181,1.90%,64.41%,$3.07
2/2/2019,FB_Jan19,3557,34,7,$74,0.96%,20.59%,$2.18,AW_Jan19,4884,57,49,$151,1.17%,85.96%,$2.65
2/3/2019,FB_Jan19,3869,44,20,$110,1.14%,45.45%,$2.50,AW_Jan19,4704,75,36,$137,1.59%,48.00%,$1.83
2/4/2019,FB_Jan19,3848,23,20,$69,0.60%,86.96%,$3.00,AW_Jan19,4527,47,10,$197,1.04%,21.28%,$4.19
2/5/2019,FB_Jan19,3735,21,15,$135,0.56%,71.43%,$6.43,AW_Jan19,4045,69,41,$178,1.71%,59.42%,$2.58
2/6/2019,FB_Jan19,1562,17,15,$76,1.09%,88.24%,$4.47,AW_Jan19,3225,60,33,$166,1.86%,55.00%,$2.77
2/7/2019,FB_Jan19,3331,42,9,$110,1.26%,21.43%,$2.62,AW_Jan19,3815,58,7,$104,1.52%,12.07%,$1.79
2/8/2019,FB_Jan19,2215,26,16,$141,1.17%,61.54%,$5.42,AW_Jan19,5205,68,49,$186,1.31%,72.06%,$2.74
2/9/2019,FB_Jan19,3565,44,41,$73,1.23%,93.18%,$1.66,AW_Jan19,5544,70,63,$185,1.26%,90.00%,$2.64
2/10/2019,FB_Jan19,1190,30,27,$82,2.52%,90.00%,$2.73,AW_Jan19,3127,57,28,$123,1.82%,49.12%,$2.16
2/11/2019,FB_Jan19,1569,12,10,$73,0.76%,83.33%,$6.08,AW_Jan19,3625,71,50,$155,1.96%,70.42%,$2.18
2/12/2019,FB_Jan19,2686,11,7,$51,0.41%,63.64%,$4.64,AW_Jan19,3784,79,36,$112,2.09%,45.57%,$1.42
2/13/2019,FB_Jan19,1245,48,33,$91,3.86%,68.75%,$1.90,AW_Jan19,5806,65,38,$119,1.12%,58.46%,$1.83
2/14/2019,FB_Jan19,1920,33,17,$109,1.72%,51.52%,$3.30,AW_Jan19,4529,46,39,$89,1.02%,84.78%,$1.93
2/15/2019,FB_Jan19,3368,17,16,$136,0.50%,94.12%,$8.00,AW_Jan19,4166,67,37,$135,1.61%,55.22%,$2.01
2/16/2019,FB_Jan19,2823,32,26,$100,1.13%,81.25%,$3.12,AW_Jan19,3574,61,25,$118,1.71%,40.98%,$1.93
2/17/2019,FB_Jan19,2715,15,10,$109,0.55%,66.67%,$7.27,AW_Jan19,5660,72,11,$122,1.27%,15.28%,$1.69
2/18/2019,FB_Jan19,2595,14,11,$117,0.54%,78.57%,$8.36,AW_Jan19,3773,71,50,$168,1.88%,70.42%,$2.37
2/19/2019,FB_Jan19,3870,49,20,$62,1.27%,40.82%,$1.27,AW_Jan19,3369,69,22,$189,2.05%,31.88%,$2.74
2/20/2019,FB_Jan19,1830,28,27,$139,1.53%,96.43%,$4.96,AW_Jan19,3740,65,56,$131,1.74%,86.15%,$2.02
2/21/2019,FB_Jan19,3838,18,16,$50,0.47%,88.89%,$2.78,AW_Jan19,4081,40,37,$165,0.98%,92.50%,$4.12
2/22/2019,FB_Jan19,2141,34,12,$50,1.59%,35.29%,$1.47,AW_Jan19,4212,78,67,$138,1.85%,85.90%,$1.77
2/23/2019,FB_Jan19,3837,38,7,$125,0.99%,18.42%,$3.29,AW_Jan19,3153,55,54,$155,1.74%,98.18%,$2.82
2/24/2019,FB_Jan19,3744,38,18,$141,1.01%,47.37%,$3.71,AW_Jan19,4092,69,65,$154,1.69%,94.20%,$2.23
2/25/2019,FB_Jan19,1550,45,37,$143,2.90%,82.22%,$3.18,AW_Jan19,3356,62,61,$79,1.85%,98.39%,$1.27
2/26/2019,FB_Jan19,2781,14,8,$83,0.50%,57.14%,$5.93,AW_Jan19,5809,58,35,$70,1.00%,60.34%,$1.21
2/27/2019,FB_Jan19,2015,14,8,$65,0.69%,57.14%,$4.64,AW_Jan19,5839,55,5,$197,0.94%,9.09%,$3.58
2/28/2019,FB_Jan19,3207,36,24,$73,1.12%,66.67%,$2.03,AW_Jan19,4931,74,36,$170,1.50%,48.65%,$2.30
3/1/2019,FB_Jan19,2291,12,5,$82,0.52%,41.67%,$6.83,AW_Jan19,4191,49,46,$113,1.17%,93.88%,$2.31
3/2/2019,FB_Jan19,1284,22,16,$144,1.71%,72.73%,$6.55,AW_Jan19,5546,74,11,$162,1.33%,14.86%,$2.19
3/3/2019,FB_Jan19,2625,43,11,$117,1.64%,25.58%,$2.72,AW_Jan19,3825,50,32,$189,1.31%,64.00%,$3.78
3/4/2019,FB_Jan19,1728,30,29,$85,1.74%,96.67%,$2.83,AW_Jan19,4892,48,27,$168,0.98%,56.25%,$3.50
3/5/2019,FB_Jan19,2571,27,21,$145,1.05%,77.78%,$5.37,AW_Jan19,4687,62,35,$106,1.32%,56.45%,$1.71
3/6/2019,FB_Jan19,2548,32,29,$148,1.26%,90.62%,$4.62,AW_Jan19,3872,69,20,$182,1.78%,28.99%,$2.64
3/7/2019,FB_Jan19,3109,29,20,$138,0.93%,68.97%,$4.76,AW_Jan19,4365,52,22,$169,1.19%,42.31%,$3.25
3/8/2019,FB_Jan19,1395,28,16,$58,2.01%,57.14%,$2.07,AW_Jan19,5502,67,17,$197,1.22%,25.37%,$2.94
3/9/2019,FB_Jan19,1850,25,9,$148,1.35%,36.00%,$5.92,AW_Jan19,3395,64,55,$192,1.89%,85.94%,$3.00
3/10/2019,FB_Jan19,2492,45,27,$65,1.81%,60.00%,$1.44,AW_Jan19,5616,78,56,$111,1.39%,71.79%,$1.42
3/11/2019,FB_Jan19,2209,48,18,$144,2.17%,37.50%,$3.00,AW_Jan19,3633,44,38,$144,1.21%,86.36%,$3.27
3/12/2019,FB_Jan19,3705,21,13,$123,0.57%,61.90%,$5.86,AW_Jan19,3953,56,41,$76,1.42%,73.21%,$1.36
3/13/2019,FB_Jan19,2197,22,12,$91,1.00%,54.55%,$4.14,AW_Jan19,4416,66,61,$74,1.49%,92.42%,$1.12
3/14/2019,FB_Jan19,3076,46,42,$132,1.50%,91.30%,$2.87,AW_Jan19,4519,40,25,$140,0.89%,62.50%,$3.50
3/15/2019,FB_Jan19,1216,13,8,$119,1.07%,61.54%,$9.15,AW_Jan19,4810,78,77,$159,1.62%,98.72%,$2.04
3/16/2019,FB_Jan19,1038,12,9,$62,1.16%,75.00%,$5.17,AW_Jan19,3753,67,65,$127,1.79%,97.01%,$1.90
3/17/2019,FB_Jan19,2683,37,12,$110,1.38%,32.43%,$2.97,AW_Jan19,3894,78,4,$161,2.00%,5.13%,$2.06
3/18/2019,FB_Jan19,1189,34,28,$82,2.86%,82.35%,$2.41,AW_Jan19,3933,45,35,$130,1.14%,77.78%,$2.89
3/19/2019,FB_Jan19,1814,30,20,$134,1.65%,66.67%,$4.47,AW_Jan19,3202,76,39,$89,2.37%,51.32%,$1.17
3/20/2019,FB_Jan19,3094,23,19,$80,0.74%,82.61%,$3.48,AW_Jan19,4396,42,19,$81,0.96%,45.24%,$1.93
3/21/2019,FB_Jan19,2353,41,20,$121,1.74%,48.78%,$2.95,AW_Jan19,3357,51,27,$186,1.52%,52.94%,$3.65
3/22/2019,FB_Jan19,2031,37,8,$139,1.82%,21.62%,$3.76,AW_Jan19,5745,67,31,$170,1.17%,46.27%,$2.54
3/23/2019,FB_Jan19,1040,45,31,$112,4.33%,68.89%,$2.49,AW_Jan19,4224,72,32,$115,1.70%,44.44%,$1.60
3/24/2019,FB_Jan19,1389,27,23,$118,1.94%,85.19%,$4.37,AW_Jan19,4838,64,5,$79,1.32%,7.81%,$1.23
3/25/2019,FB_Jan19,3871,39,9,$82,1.01%,23.08%,$2.10,AW_Jan19,3373,40,21,$80,1.19%,52.50%,$2.00
3/26/2019,FB_Jan19,1852,35,29,$135,1.89%,82.86%,$3.86,AW_Jan19,5874,66,52,$167,1.12%,78.79%,$2.53
3/27/2019,FB_Jan19,3152,44,5,$70,1.40%,11.36%,$1.59,AW_Jan19,5870,45,31,$164,0.77%,68.89%,$3.64
3/28/2019,FB_Jan19,2668,47,7,$102,1.76%,14.89%,$2.17,AW_Jan19,5724,49,13,$152,0.86%,26.53%,$3.10
3/29/2019,FB_Jan19,2168,30,18,$122,1.38%,60.00%,$4.07,AW_Jan19,4901,40,16,$73,0.82%,40.00%,$1.82
3/30/2019,FB_Jan19,2469,10,5,$81,0.41%,50.00%,$8.10,AW_Jan19,5081,67,34,$141,1.32%,50.75%,$2.10
3/31/2019,FB_Jan19,2574,35,30,$83,1.36%,85.71%,$2.37,AW_Jan19,3437,42,15,$123,1.22%,35.71%,$2.93
4/1/2019,FB_Jan19,1235,14,13,$66,1.13%,92.86%,$4.71,AW_Jan19,3623,62,18,$154,1.71%,29.03%,$2.48
4/2/2019,FB_Jan19,1577,20,7,$87,1.27%,35.00%,$4.35,AW_Jan19,3763,73,41,$119,1.94%,56.16%,$1.63
4/3/2019,FB_Jan19,3145,27,19,$140,0.86%,70.37%,$5.19,AW_Jan19,5482,73,55,$148,1.33%,75.34%,$2.03
4/4/2019,FB_Jan19,2019,39,21,$54,1.93%,53.85%,$1.38,AW_Jan19,3796,43,13,$143,1.13%,30.23%,$3.33
4/5/2019,FB_Jan19,3832,29,28,$118,0.76%,96.55%,$4.07,AW_Jan19,5593,45,5,$195,0.80%,11.11%,$4.33
4/6/2019,FB_Jan19,1042,20,7,$72,1.92%,35.00%,$3.60,AW_Jan19,5895,70,19,$77,1.19%,27.14%,$1.10
4/7/2019,FB_Jan19,1899,49,8,$105,2.58%,16.33%,$2.14,AW_Jan19,3280,42,35,$162,1.28%,83.33%,$3.86
4/8/2019,FB_Jan19,1671,28,25,$54,1.68%,89.29%,$1.93,AW_Jan19,4489,67,45,$130,1.49%,67.16%,$1.94
4/9/2019,FB_Jan19,3581,30,10,$50,0.84%,33.33%,$1.67,AW_Jan19,5692,51,29,$115,0.90%,56.86%,$2.25
4/10/2019,FB_Jan19,3593,23,17,$76,0.64%,73.91%,$3.30,AW_Jan19,5841,61,50,$125,1.04%,81.97%,$2.05
4/11/2019,FB_Jan19,3397,26,8,$50,0.77%,30.77%,$1.92,AW_Jan19,5055,74,55,$116,1.46%,74.32%,$1.57
4/12/2019,FB_Jan19,1638,31,18,$139,1.89%,58.06%,$4.48,AW_Jan19,3027,62,17,$199,2.05%,27.42%,$3.21
4/13/2019,FB_Jan19,1364,35,18,$108,2.57%,51.43%,$3.09,AW_Jan19,4335,46,6,$180,1.06%,13.04%,$3.91
4/14/2019,FB_Jan19,1918,27,10,$148,1.41%,37.04%,$5.48,AW_Jan19,4906,54,28,$188,1.10%,51.85%,$3.48
4/15/2019,FB_Jan19,1484,37,14,$88,2.49%,37.84%,$2.38,AW_Jan19,4976,56,42,$155,1.13%,75.00%,$2.77
4/16/2019,FB_Jan19,1125,34,21,$62,3.02%,61.76%,$1.82,AW_Jan19,5072,43,13,$136,0.85%,30.23%,$3.16
4/17/2019,FB_Jan19,1232,27,19,$149,2.19%,70.37%,$5.52,AW_Jan19,3110,61,37,$180,1.96%,60.66%,$2.95
4/18/2019,FB_Jan19,3795,28,14,$90,0.74%,50.00%,$3.21,AW_Jan19,5660,45,29,$133,0.80%,64.44%,$2.96
4/19/2019,FB_Jan19,2761,15,9,$82,0.54%,60.00%,$5.47,AW_Jan19,4460,61,24,$139,1.37%,39.34%,$2.28
4/20/2019,FB_Jan19,2526,13,10,$124,0.51%,76.92%,$9.54,AW_Jan19,5397,70,27,$124,1.30%,38.57%,$1.77
4/21/2019,FB_Jan19,2160,12,7,$80,0.56%,58.33%,$6.67,AW_Jan19,4063,76,39,$75,1.87%,51.32%,$0.99
4/22/2019,FB_Jan19,1467,37,15,$53,2.52%,40.54%,$1.43,AW_Jan19,4870,45,33,$131,0.92%,73.33%,$2.91
4/23/2019,FB_Jan19,2464,11,7,$57,0.45%,63.64%,$5.18,AW_Jan19,4458,44,9,$187,0.99%,20.45%,$4.25
4/24/2019,FB_Jan19,3883,28,24,$146,0.72%,85.71%,$5.21,AW_Jan19,3531,51,50,$70,1.44%,98.04%,$1.37
4/25/2019,FB_Jan19,3137,23,10,$86,0.73%,43.48%,$3.74,AW_Jan19,4917,50,39,$146,1.02%,78.00%,$2.92
4/26/2019,FB_Jan19,3026,12,5,$55,0.40%,41.67%,$4.58,AW_Jan19,3689,49,8,$199,1.33%,16.33%,$4.06
4/27/2019,FB_Jan19,3060,49,6,$133,1.60%,12.24%,$2.71,AW_Jan19,3320,76,20,$78,2.29%,26.32%,$1.03
4/28/2019,FB_Jan19,2994,24,10,$84,0.80%,41.67%,$3.50,AW_Jan19,4118,44,17,$186,1.07%,38.64%,$4.23
4/29/2019,FB_Jan19,1375,20,13,$83,1.45%,65.00%,$4.15,AW_Jan19,5635,74,38,$70,1.31%,51.35%,$0.95
4/30/2019,FB_Jan19,2319,31,12,$60,1.34%,38.71%,$1.94,AW_Jan19,3872,76,17,$129,1.96%,22.37%,$1.70
5/1/2019,FB_Jan19,3845,44,25,$86,1.14%,56.82%,$1.95,AW_Jan19,5052,58,17,$131,1.15%,29.31%,$2.26
5/2/2019,FB_Jan19,1131,34,17,$91,3.01%,50.00%,$2.68,AW_Jan19,5136,57,43,$141,1.11%,75.44%,$2.47
5/3/2019,FB_Jan19,2318,49,18,$81,2.11%,36.73%,$1.65,AW_Jan19,5469,72,26,$132,1.32%,36.11%,$1.83
5/4/2019,FB_Jan19,3190,42,29,$66,1.32%,69.05%,$1.57,AW_Jan19,4248,41,17,$122,0.97%,41.46%,$2.98
5/5/2019,FB_Jan19,3151,48,10,$55,1.52%,20.83%,$1.15,AW_Jan19,5626,46,11,$111,0.82%,23.91%,$2.41
5/6/2019,FB_Jan19,2471,24,19,$78,0.97%,79.17%,$3.25,AW_Jan19,4312,69,30,$107,1.60%,43.48%,$1.55
5/7/2019,FB_Jan19,2120,46,31,$104,2.17%,67.39%,$2.26,AW_Jan19,5336,43,25,$135,0.81%,58.14%,$3.14
5/8/2019,FB_Jan19,1516,19,5,$87,1.25%,26.32%,$4.58,AW_Jan19,4932,70,50,$178,1.42%,71.43%,$2.54
5/9/2019,FB_Jan19,3263,24,12,$54,0.74%,50.00%,$2.25,AW_Jan19,5094,43,15,$199,0.84%,34.88%,$4.63
5/10/2019,FB_Jan19,1094,45,40,$75,4.11%,88.89%,$1.67,AW_Jan19,4834,66,8,$80,1.37%,12.12%,$1.21
5/11/2019,FB_Jan19,2865,49,42,$55,1.71%,85.71%,$1.12,AW_Jan19,3711,62,50,$159,1.67%,80.65%,$2.56
5/12/2019,FB_Jan19,3349,21,14,$62,0.63%,66.67%,$2.95,AW_Jan19,3984,72,63,$169,1.81%,87.50%,$2.35
5/13/2019,FB_Jan19,2347,14,12,$86,0.60%,85.71%,$6.14,AW_Jan19,4863,67,34,$191,1.38%,50.75%,$2.85
5/14/2019,FB_Jan19,2928,38,18,$89,1.30%,47.37%,$2.34,AW_Jan19,5826,62,4,$115,1.06%,6.45%,$1.85
5/15/2019,FB_Jan19,2636,30,18,$85,1.14%,60.00%,$2.83,AW_Jan19,4205,62,60,$70,1.47%,96.77%,$1.13
5/16/2019,FB_Jan19,2854,49,19,$70,1.72%,38.78%,$1.43,AW_Jan19,4332,48,13,$126,1.11%,27.08%,$2.62
5/17/2019,FB_Jan19,1116,35,13,$84,3.14%,37.14%,$2.40,AW_Jan19,3574,64,29,$144,1.79%,45.31%,$2.25
5/18/2019,FB_Jan19,1385,16,6,$140,1.16%,37.50%,$8.75,AW_Jan19,3417,66,20,$197,1.93%,30.30%,$2.98
5/19/2019,FB_Jan19,1938,33,29,$120,1.70%,87.88%,$3.64,AW_Jan19,4203,45,27,$98,1.07%,60.00%,$2.18
5/20/2019,FB_Jan19,1062,31,30,$77,2.92%,96.77%,$2.48,AW_Jan19,4492,46,20,$153,1.02%,43.48%,$3.33
5/21/2019,FB_Jan19,1688,29,26,$135,1.72%,89.66%,$4.66,AW_Jan19,5523,79,52,$140,1.43%,65.82%,$1.77
5/22/2019,FB_Jan19,2792,41,17,$143,1.47%,41.46%,$3.49,AW_Jan19,5262,58,35,$98,1.10%,60.34%,$1.69
5/23/2019,FB_Jan19,1428,38,34,$65,2.66%,89.47%,$1.71,AW_Jan19,5065,40,17,$184,0.79%,42.50%,$4.60
5/24/2019,FB_Jan19,1193,37,21,$143,3.10%,56.76%,$3.86,AW_Jan19,4701,43,4,$77,0.91%,9.30%,$1.79
5/25/2019,FB_Jan19,3972,48,7,$81,1.21%,14.58%,$1.69,AW_Jan19,3777,49,22,$179,1.30%,44.90%,$3.65
5/26/2019,FB_Jan19,3209,42,27,$104,1.31%,64.29%,$2.48,AW_Jan19,4823,46,32,$77,0.95%,69.57%,$1.67
5/27/2019,FB_Jan19,1832,12,11,$108,0.66%,91.67%,$9.00,AW_Jan19,4790,47,40,$136,0.98%,85.11%,$2.89
5/28/2019,FB_Jan19,2287,43,39,$145,1.88%,90.70%,$3.37,AW_Jan19,4111,53,35,$189,1.29%,66.04%,$3.57
5/29/2019,FB_Jan19,3861,25,8,$86,0.65%,32.00%,$3.44,AW_Jan19,3181,60,17,$124,1.89%,28.33%,$2.07
5/30/2019,FB_Jan19,1943,27,11,$123,1.39%,40.74%,$4.56,AW_Jan19,3774,72,26,$154,1.91%,36.11%,$2.14
5/31/2019,FB_Jan19,1146,28,8,$78,2.44%,28.57%,$2.79,AW_Jan19,5747,57,5,$198,0.99%,8.77%,$3.47
6/1/2019,FB_Jan19,3862,14,8,$60,0.36%,57.14%,$4.29,AW_Jan19,3745,41,6,$188,1.09%,14.63%,$4.59
6/2/2019,FB_Jan19,1395,29,9,$86,2.08%,31.03%,$2.97,AW_Jan19,3933,69,12,$122,1.75%,17.39%,$1.77
6/3/2019,FB_Jan19,3987,44,26,$73,1.10%,59.09%,$1.66,AW_Jan19,3592,49,33,$189,1.36%,67.35%,$3.86
6/4/2019,FB_Jan19,3106,32,21,$130,1.03%,65.62%,$4.06,AW_Jan19,5573,48,43,$94,0.86%,89.58%,$1.96
6/5/2019,FB_Jan19,2781,31,15,$53,1.11%,48.39%,$1.71,AW_Jan19,5713,68,48,$167,1.19%,70.59%,$2.46
6/6/2019,FB_Jan19,1804,20,10,$67,1.11%,50.00%,$3.35,AW_Jan19,5175,60,45,$169,1.16%,75.00%,$2.82
6/7/2019,FB_Jan19,1040,47,38,$66,4.52%,80.85%,$1.40,AW_Jan19,4700,64,41,$191,1.36%,64.06%,$2.98
6/8/2019,FB_Jan19,1587,32,25,$135,2.02%,78.12%,$4.22,AW_Jan19,5074,70,9,$167,1.38%,12.86%,$2.39
6/9/2019,FB_Jan19,3315,16,14,$94,0.48%,87.50%,$5.88,AW_Jan19,5969,60,31,$191,1.01%,51.67%,$3.18
6/10/2019,FB_Jan19,2599,11,8,$103,0.42%,72.73%,$9.36,AW_Jan19,4386,40,39,$184,0.91%,97.50%,$4.60
6/11/2019,FB_Jan19,1793,38,25,$60,2.12%,65.79%,$1.58,AW_Jan19,4319,50,39,$182,1.16%,78.00%,$3.64
6/12/2019,FB_Jan19,1186,48,44,$148,4.05%,91.67%,$3.08,AW_Jan19,4333,73,58,$180,1.68%,79.45%,$2.47
6/13/2019,FB_Jan19,3711,31,9,$105,0.84%,29.03%,$3.39,AW_Jan19,4312,75,23,$150,1.74%,30.67%,$2.00
6/14/2019,FB_Jan19,1364,43,13,$75,3.15%,30.23%,$1.74,AW_Jan19,4524,48,12,$109,1.06%,25.00%,$2.27
6/15/2019,FB_Jan19,2040,10,5,$110,0.49%,50.00%,$11.00,AW_Jan19,3938,79,45,$94,2.01%,56.96%,$1.19
6/16/2019,FB_Jan19,2062,44,7,$93,2.13%,15.91%,$2.11,AW_Jan19,4458,69,15,$88,1.55%,21.74%,$1.28
6/17/2019,FB_Jan19,2636,26,14,$106,0.99%,53.85%,$4.08,AW_Jan19,4520,51,19,$152,1.13%,37.25%,$2.98
6/18/2019,FB_Jan19,2799,40,25,$130,1.43%,62.50%,$3.25,AW_Jan19,4750,76,73,$94,1.60%,96.05%,$1.24
6/19/2019,FB_Jan19,3513,34,16,$64,0.97%,47.06%,$1.88,AW_Jan19,3488,65,50,$101,1.86%,76.92%,$1.55
6/20/2019,FB_Jan19,1777,25,11,$66,1.41%,44.00%,$2.64,AW_Jan19,4817,60,25,$83,1.25%,41.67%,$1.38
6/21/2019,FB_Jan19,1334,16,13,$97,1.20%,81.25%,$6.06,AW_Jan19,4521,62,32,$151,1.37%,51.61%,$2.44
6/22/2019,FB_Jan19,1989,48,39,$67,2.41%,81.25%,$1.40,AW_Jan19,4466,78,20,$83,1.75%,25.64%,$1.06
6/23/2019,FB_Jan19,2182,33,7,$109,1.51%,21.21%,$3.30,AW_Jan19,4121,42,40,$177,1.02%,95.24%,$4.21
6/24/2019,FB_Jan19,1038,24,21,$53,2.31%,87.50%,$2.21,AW_Jan19,4372,61,28,$85,1.40%,45.90%,$1.39
6/25/2019,FB_Jan19,1492,11,7,$91,0.74%,63.64%,$8.27,AW_Jan19,3545,69,16,$87,1.95%,23.19%,$1.26
6/26/2019,FB_Jan19,2631,44,43,$95,1.67%,97.73%,$2.16,AW_Jan19,3028,68,65,$85,2.25%,95.59%,$1.25
6/27/2019,FB_Jan19,2771,19,18,$74,0.69%,94.74%,$3.89,AW_Jan19,3339,44,4,$72,1.32%,9.09%,$1.64
6/28/2019,FB_Jan19,2165,39,8,$67,1.80%,20.51%,$1.72,AW_Jan19,4981,76,28,$142,1.53%,36.84%,$1.87
6/29/2019,FB_Jan19,1398,33,8,$61,2.36%,24.24%,$1.85,AW_Jan19,5234,76,64,$193,1.45%,84.21%,$2.54
6/30/2019,FB_Jan19,1709,48,28,$60,2.81%,58.33%,$1.25,AW_Jan19,4085,52,37,$121,1.27%,71.15%,$2.33
7/1/2019,FB_Jan19,1771,17,8,$142,0.96%,47.06%,$8.35,AW_Jan19,4333,49,46,$126,1.13%,93.88%,$2.57
7/2/2019,FB_Jan19,3265,12,10,$54,0.37%,83.33%,$4.50,AW_Jan19,4796,62,52,$78,1.29%,83.87%,$1.26
7/3/2019,FB_Jan19,2043,44,22,$111,2.15%,50.00%,$2.52,AW_Jan19,5263,42,35,$82,0.80%,83.33%,$1.95
7/4/2019,FB_Jan19,1892,34,13,$117,1.80%,38.24%,$3.44,AW_Jan19,4933,76,14,$174,1.54%,18.42%,$2.29
7/5/2019,FB_Jan19,1951,12,7,$141,0.62%,58.33%,$11.75,AW_Jan19,4218,64,37,$145,1.52%,57.81%,$2.27
7/6/2019,FB_Jan19,1169,18,12,$74,1.54%,66.67%,$4.11,AW_Jan19,4418,73,41,$141,1.65%,56.16%,$1.93
7/7/2019,FB_Jan19,2274,14,6,$119,0.62%,42.86%,$8.50,AW_Jan19,3036,52,31,$150,1.71%,59.62%,$2.88
7/8/2019,FB_Jan19,2137,49,36,$111,2.29%,73.47%,$2.27,AW_Jan19,5396,42,37,$109,0.78%,88.10%,$2.60
7/9/2019,FB_Jan19,2996,42,10,$137,1.40%,23.81%,$3.26,AW_Jan19,5383,79,62,$128,1.47%,78.48%,$1.62
7/10/2019,FB_Jan19,3863,22,15,$94,0.57%,68.18%,$4.27,AW_Jan19,4716,75,66,$76,1.59%,88.00%,$1.01
7/11/2019,FB_Jan19,3180,40,27,$91,1.26%,67.50%,$2.27,AW_Jan19,5719,69,42,$151,1.21%,60.87%,$2.19
7/12/2019,FB_Jan19,3403,11,10,$126,0.32%,90.91%,$11.45,AW_Jan19,5012,51,42,$82,1.02%,82.35%,$1.61
7/13/2019,FB_Jan19,2690,26,12,$144,0.97%,46.15%,$5.54,AW_Jan19,5913,63,48,$139,1.07%,76.19%,$2.21
7/14/2019,FB_Jan19,3514,39,11,$123,1.11%,28.21%,$3.15,AW_Jan19,4256,71,66,$129,1.67%,92.96%,$1.82
7/15/2019,FB_Jan19,3382,39,33,$71,1.15%,84.62%,$1.82,AW_Jan19,4219,59,35,$137,1.40%,59.32%,$2.32
7/16/2019,FB_Jan19,1730,26,16,$71,1.50%,61.54%,$2.73,AW_Jan19,5448,49,4,$91,0.90%,8.16%,$1.86
7/17/2019,FB_Jan19,1473,27,22,$63,1.83%,81.48%,$2.33,AW_Jan19,3703,68,15,$194,1.84%,22.06%,$2.85
7/18/2019,FB_Jan19,3507,16,15,$82,0.46%,93.75%,$5.12,AW_Jan19,5926,54,35,$127,0.91%,64.81%,$2.35
7/19/2019,FB_Jan19,3006,35,6,$95,1.16%,17.14%,$2.71,AW_Jan19,3737,68,7,$168,1.82%,10.29%,$2.47
7/20/2019,FB_Jan19,3444,48,19,$78,1.39%,39.58%,$1.62,AW_Jan19,5204,50,35,$199,0.96%,70.00%,$3.98
7/21/2019,FB_Jan19,2710,23,15,$76,0.85%,65.22%,$3.30,AW_Jan19,5896,67,32,$90,1.14%,47.76%,$1.34
7/22/2019,FB_Jan19,3350,25,9,$108,0.75%,36.00%,$4.32,AW_Jan19,3083,45,22,$70,1.46%,48.89%,$1.56
7/23/2019,FB_Jan19,1569,47,19,$83,3.00%,40.43%,$1.77,AW_Jan19,4980,74,67,$94,1.49%,90.54%,$1.27
7/24/2019,FB_Jan19,1791,21,6,$64,1.17%,28.57%,$3.05,AW_Jan19,5539,55,30,$141,0.99%,54.55%,$2.56
7/25/2019,FB_Jan19,2083,34,21,$142,1.63%,61.76%,$4.18,AW_Jan19,3519,54,30,$119,1.53%,55.56%,$2.20
7/26/2019,FB_Jan19,3035,16,7,$142,0.53%,43.75%,$8.88,AW_Jan19,3959,63,61,$115,1.59%,96.83%,$1.83
7/27/2019,FB_Jan19,1526,34,18,$120,2.23%,52.94%,$3.53,AW_Jan19,4259,59,39,$78,1.39%,66.10%,$1.32
7/28/2019,FB_Jan19,2701,31,26,$51,1.15%,83.87%,$1.65,AW_Jan19,4367,47,14,$133,1.08%,29.79%,$2.83
7/29/2019,FB_Jan19,3768,17,9,$67,0.45%,52.94%,$3.94,AW_Jan19,5013,57,49,$164,1.14%,85.96%,$2.88
7/30/2019,FB_Jan19,1165,41,15,$94,3.52%,36.59%,$2.29,AW_Jan19,3728,72,44,$80,1.93%,61.11%,$1.11
7/31/2019,FB_Jan19,1213,33,13,$66,2.72%,39.39%,$2.00,AW_Jan19,5635,71,57,$155,1.26%,80.28%,$2.18
8/1/2019,FB_Jan19,3139,29,5,$123,0.92%,17.24%,$4.24,AW_Jan19,3935,71,5,$102,1.80%,7.04%,$1.44
8/2/2019,FB_Jan19,2768,22,5,$126,0.79%,22.73%,$5.73,AW_Jan19,5163,65,25,$172,1.26%,38.46%,$2.65
8/3/2019,FB_Jan19,3241,47,43,$139,1.45%,91.49%,$2.96,AW_Jan19,4709,54,37,$175,1.15%,68.52%,$3.24
8/4/2019,FB_Jan19,1886,49,15,$110,2.60%,30.61%,$2.24,AW_Jan19,4986,45,12,$75,0.90%,26.67%,$1.67
8/5/2019,FB_Jan19,3270,41,16,$57,1.25%,39.02%,$1.39,AW_Jan19,4713,67,65,$153,1.42%,97.01%,$2.28
8/6/2019,FB_Jan19,2341,16,15,$133,0.68%,93.75%,$8.31,AW_Jan19,3207,43,9,$127,1.34%,20.93%,$2.95
8/7/2019,FB_Jan19,1021,35,7,$90,3.43%,20.00%,$2.57,AW_Jan19,3873,53,14,$81,1.37%,26.42%,$1.53
8/8/2019,FB_Jan19,3134,21,17,$74,0.67%,80.95%,$3.52,AW_Jan19,4324,58,49,$169,1.34%,84.48%,$2.91
8/9/2019,FB_Jan19,1684,17,11,$102,1.01%,64.71%,$6.00,AW_Jan19,3694,71,54,$113,1.92%,76.06%,$1.59
8/10/2019,FB_Jan19,2989,27,23,$71,0.90%,85.19%,$2.63,AW_Jan19,3548,71,59,$174,2.00%,83.10%,$2.45
8/11/2019,FB_Jan19,2082,12,8,$123,0.58%,66.67%,$10.25,AW_Jan19,3754,74,64,$162,1.97%,86.49%,$2.19
8/12/2019,FB_Jan19,2982,24,5,$56,0.80%,20.83%,$2.33,AW_Jan19,4355,69,34,$93,1.58%,49.28%,$1.35
8/13/2019,FB_Jan19,1403,46,8,$141,3.28%,17.39%,$3.07,AW_Jan19,4387,59,27,$119,1.34%,45.76%,$2.02
8/14/2019,FB_Jan19,2712,41,40,$147,1.51%,97.56%,$3.59,AW_Jan19,4535,75,69,$148,1.65%,92.00%,$1.97
8/15/2019,FB_Jan19,2441,45,10,$88,1.84%,22.22%,$1.96,AW_Jan19,3754,51,6,$87,1.36%,11.76%,$1.71
8/16/2019,FB_Jan19,3068,24,5,$148,0.78%,20.83%,$6.17,AW_Jan19,3793,47,39,$156,1.24%,82.98%,$3.32
8/17/2019,FB_Jan19,1939,23,18,$51,1.19%,78.26%,$2.22,AW_Jan19,3374,76,72,$110,2.25%,94.74%,$1.45
8/18/2019,FB_Jan19,3365,23,11,$138,0.68%,47.83%,$6.00,AW_Jan19,3129,78,73,$192,2.49%,93.59%,$2.46
8/19/2019,FB_Jan19,3040,37,6,$84,1.22%,16.22%,$2.27,AW_Jan19,4252,44,4,$114,1.03%,9.09%,$2.59
8/20/2019,FB_Jan19,3966,40,15,$59,1.01%,37.50%,$1.48,AW_Jan19,3629,53,19,$162,1.46%,35.85%,$3.06
8/21/2019,FB_Jan19,2801,21,18,$50,0.75%,85.71%,$2.38,AW_Jan19,5180,59,11,$70,1.14%,18.64%,$1.19
8/22/2019,FB_Jan19,3360,29,15,$86,0.86%,51.72%,$2.97,AW_Jan19,5734,76,40,$118,1.33%,52.63%,$1.55
8/23/2019,FB_Jan19,2655,37,19,$128,1.39%,51.35%,$3.46,AW_Jan19,4925,59,53,$147,1.20%,89.83%,$2.49
8/24/2019,FB_Jan19,1968,46,24,$75,2.34%,52.17%,$1.63,AW_Jan19,5844,40,38,$128,0.68%,95.00%,$3.20
8/25/2019,FB_Jan19,3884,42,18,$61,1.08%,42.86%,$1.45,AW_Jan19,3489,59,56,$112,1.69%,94.92%,$1.90
8/26/2019,FB_Jan19,1125,43,29,$99,3.82%,67.44%,$2.30,AW_Jan19,4208,78,59,$107,1.85%,75.64%,$1.37
8/27/2019,FB_Jan19,3198,25,22,$57,0.78%,88.00%,$2.28,AW_Jan19,5033,60,4,$77,1.19%,6.67%,$1.28
8/28/2019,FB_Jan19,3716,41,9,$135,1.10%,21.95%,$3.29,AW_Jan19,4198,73,68,$124,1.74%,93.15%,$1.70
8/29/2019,FB_Jan19,2142,35,15,$123,1.63%,42.86%,$3.51,AW_Jan19,5161,57,20,$95,1.10%,35.09%,$1.67
8/30/2019,FB_Jan19,1302,49,16,$140,3.76%,32.65%,$2.86,AW_Jan19,4863,64,49,$102,1.32%,76.56%,$1.59
8/31/2019,FB_Jan19,2310,25,18,$102,1.08%,72.00%,$4.08,AW_Jan19,4327,44,29,$132,1.02%,65.91%,$3.00
9/1/2019,FB_Jan19,2608,42,29,$97,1.61%,69.05%,$2.31,AW_Jan19,5828,48,16,$137,0.82%,33.33%,$2.85
9/2/2019,FB_Jan19,1493,13,10,$68,0.87%,76.92%,$5.23,AW_Jan19,5444,62,22,$178,1.14%,35.48%,$2.87
9/3/2019,FB_Jan19,2354,10,5,$134,0.42%,50.00%,$13.40,AW_Jan19,3710,54,24,$129,1.46%,44.44%,$2.39
9/4/2019,FB_Jan19,3652,34,5,$98,0.93%,14.71%,$2.88,AW_Jan19,3735,74,47,$171,1.98%,63.51%,$2.31
9/5/2019,FB_Jan19,3009,20,7,$121,0.66%,35.00%,$6.05,AW_Jan19,5889,41,12,$72,0.70%,29.27%,$1.76
9/6/2019,FB_Jan19,3132,35,12,$97,1.12%,34.29%,$2.77,AW_Jan19,4473,45,31,$186,1.01%,68.89%,$4.13
9/7/2019,FB_Jan19,2177,34,16,$54,1.56%,47.06%,$1.59,AW_Jan19,3303,76,47,$84,2.30%,61.84%,$1.11
9/8/2019,FB_Jan19,1042,32,10,$95,3.07%,31.25%,$2.97,AW_Jan19,5545,60,26,$176,1.08%,43.33%,$2.93
9/9/2019,FB_Jan19,2014,25,19,$64,1.24%,76.00%,$2.56,AW_Jan19,5840,75,54,$84,1.28%,72.00%,$1.12
9/10/2019,FB_Jan19,1323,30,17,$135,2.27%,56.67%,$4.50,AW_Jan19,3786,73,71,$186,1.93%,97.26%,$2.55
9/11/2019,FB_Jan19,3541,36,33,$77,1.02%,91.67%,$2.14,AW_Jan19,5338,47,19,$175,0.88%,40.43%,$3.72
9/12/2019,FB_Jan19,2443,39,22,$51,1.60%,56.41%,$1.31,AW_Jan19,5636,43,29,$158,0.76%,67.44%,$3.67
9/13/2019,FB_Jan19,1349,20,11,$144,1.48%,55.00%,$7.20,AW_Jan19,4062,52,34,$140,1.28%,65.38%,$2.69
9/14/2019,FB_Jan19,3359,45,24,$117,1.34%,53.33%,$2.60,AW_Jan19,4798,40,16,$188,0.83%,40.00%,$4.70
9/15/2019,FB_Jan19,2300,31,13,$75,1.35%,41.94%,$2.42,AW_Jan19,3520,54,13,$191,1.53%,24.07%,$3.54
9/16/2019,FB_Jan19,2656,17,12,$129,0.64%,70.59%,$7.59,AW_Jan19,4072,65,30,$106,1.60%,46.15%,$1.63
9/17/2019,FB_Jan19,2603,33,23,$149,1.27%,69.70%,$4.52,AW_Jan19,5904,57,22,$138,0.97%,38.60%,$2.42
9/18/2019,FB_Jan19,3734,44,38,$82,1.18%,86.36%,$1.86,AW_Jan19,3630,60,20,$106,1.65%,33.33%,$1.77
9/19/2019,FB_Jan19,3466,37,11,$81,1.07%,29.73%,$2.19,AW_Jan19,4546,49,12,$147,1.08%,24.49%,$3.00
9/20/2019,FB_Jan19,2100,34,6,$113,1.62%,17.65%,$3.32,AW_Jan19,4826,46,24,$136,0.95%,52.17%,$2.96
9/21/2019,FB_Jan19,2577,48,45,$124,1.86%,93.75%,$2.58,AW_Jan19,3998,63,49,$88,1.58%,77.78%,$1.40
9/22/2019,FB_Jan19,2603,35,10,$91,1.34%,28.57%,$2.60,AW_Jan19,5335,78,39,$166,1.46%,50.00%,$2.13
9/23/2019,FB_Jan19,2922,18,12,$146,0.62%,66.67%,$8.11,AW_Jan19,4914,45,44,$82,0.92%,97.78%,$1.82
9/24/2019,FB_Jan19,3608,11,8,$54,0.30%,72.73%,$4.91,AW_Jan19,5475,66,35,$77,1.21%,53.03%,$1.17
9/25/2019,FB_Jan19,2735,12,10,$93,0.44%,83.33%,$7.75,AW_Jan19,5428,42,25,$139,0.77%,59.52%,$3.31
9/26/2019,FB_Jan19,2153,32,16,$51,1.49%,50.00%,$1.59,AW_Jan19,5661,56,38,$167,0.99%,67.86%,$2.98
9/27/2019,FB_Jan19,2494,39,12,$71,1.56%,30.77%,$1.82,AW_Jan19,4465,75,72,$146,1.68%,96.00%,$1.95
9/28/2019,FB_Jan19,3334,25,14,$111,0.75%,56.00%,$4.44,AW_Jan19,5717,55,15,$72,0.96%,27.27%,$1.31
9/29/2019,FB_Jan19,2679,39,27,$141,1.46%,69.23%,$3.62,AW_Jan19,5674,79,8,$173,1.39%,10.13%,$2.19
9/30/2019,FB_Jan19,2271,10,5,$79,0.44%,50.00%,$7.90,AW_Jan19,3148,59,9,$101,1.87%,15.25%,$1.71
10/1/2019,FB_Jan19,2184,25,16,$87,1.14%,64.00%,$3.48,AW_Jan19,4523,73,17,$105,1.61%,23.29%,$1.44
10/2/2019,FB_Jan19,1480,32,22,$115,2.16%,68.75%,$3.59,AW_Jan19,5408,60,5,$144,1.11%,8.33%,$2.40
10/3/2019,FB_Jan19,1834,32,30,$117,1.74%,93.75%,$3.66,AW_Jan19,3310,45,38,$155,1.36%,84.44%,$3.44
10/4/2019,FB_Jan19,2339,46,16,$98,1.97%,34.78%,$2.13,AW_Jan19,3041,77,48,$104,2.53%,62.34%,$1.35
10/5/2019,FB_Jan19,2693,23,10,$116,0.85%,43.48%,$5.04,AW_Jan19,3947,53,12,$135,1.34%,22.64%,$2.55
10/6/2019,FB_Jan19,3906,11,7,$131,0.28%,63.64%,$11.91,AW_Jan19,4811,57,13,$94,1.18%,22.81%,$1.65
10/7/2019,FB_Jan19,2985,34,33,$103,1.14%,97.06%,$3.03,AW_Jan19,4312,75,17,$134,1.74%,22.67%,$1.79
10/8/2019,FB_Jan19,2133,25,18,$101,1.17%,72.00%,$4.04,AW_Jan19,5946,74,44,$94,1.24%,59.46%,$1.27
10/9/2019,FB_Jan19,2676,43,12,$70,1.61%,27.91%,$1.63,AW_Jan19,3963,64,18,$137,1.61%,28.12%,$2.14
10/10/2019,FB_Jan19,2979,21,20,$145,0.70%,95.24%,$6.90,AW_Jan19,3091,52,34,$147,1.68%,65.38%,$2.83
10/11/2019,FB_Jan19,2681,38,10,$81,1.42%,26.32%,$2.13,AW_Jan19,4884,41,26,$100,0.84%,63.41%,$2.44
10/12/2019,FB_Jan19,2540,28,6,$59,1.10%,21.43%,$2.11,AW_Jan19,5392,41,14,$125,0.76%,34.15%,$3.05
10/13/2019,FB_Jan19,2486,18,11,$132,0.72%,61.11%,$7.33,AW_Jan19,4122,60,12,$184,1.46%,20.00%,$3.07
10/14/2019,FB_Jan19,3310,25,20,$146,0.76%,80.00%,$5.84,AW_Jan19,4795,78,43,$86,1.63%,55.13%,$1.10
10/15/2019,FB_Jan19,3148,48,33,$101,1.52%,68.75%,$2.10,AW_Jan19,3419,77,53,$132,2.25%,68.83%,$1.71
10/16/2019,FB_Jan19,2508,44,11,$76,1.75%,25.00%,$1.73,AW_Jan19,5139,61,17,$155,1.19%,27.87%,$2.54
10/17/2019,FB_Jan19,1509,11,10,$140,0.73%,90.91%,$12.73,AW_Jan19,5452,77,24,$127,1.41%,31.17%,$1.65
10/18/2019,FB_Jan19,2911,48,9,$114,1.65%,18.75%,$2.38,AW_Jan19,5260,65,53,$151,1.24%,81.54%,$2.32
10/19/2019,FB_Jan19,3020,41,40,$130,1.36%,97.56%,$3.17,AW_Jan19,3496,50,24,$121,1.43%,48.00%,$2.42
10/20/2019,FB_Jan19,2791,35,34,$117,1.25%,97.14%,$3.34,AW_Jan19,3545,57,43,$111,1.61%,75.44%,$1.95
10/21/2019,FB_Jan19,3068,22,21,$113,0.72%,95.45%,$5.14,AW_Jan19,3016,48,44,$198,1.59%,91.67%,$4.12
10/22/2019,FB_Jan19,1571,38,37,$59,2.42%,97.37%,$1.55,AW_Jan19,3241,79,24,$97,2.44%,30.38%,$1.23
10/23/2019,FB_Jan19,1714,43,12,$108,2.51%,27.91%,$2.51,AW_Jan19,5773,47,18,$156,0.81%,38.30%,$3.32
10/24/2019,FB_Jan19,1855,28,9,$81,1.51%,32.14%,$2.89,AW_Jan19,5987,40,26,$170,0.67%,65.00%,$4.25
10/25/2019,FB_Jan19,2031,22,12,$136,1.08%,54.55%,$6.18,AW_Jan19,5090,40,27,$86,0.79%,67.50%,$2.15
10/26/2019,FB_Jan19,2668,29,25,$107,1.09%,86.21%,$3.69,AW_Jan19,4950,75,14,$97,1.52%,18.67%,$1.29
10/27/2019,FB_Jan19,1562,14,9,$143,0.90%,64.29%,$10.21,AW_Jan19,5037,71,11,$133,1.41%,15.49%,$1.87
10/28/2019,FB_Jan19,3185,47,36,$141,1.48%,76.60%,$3.00,AW_Jan19,4246,47,43,$142,1.11%,91.49%,$3.02
10/29/2019,FB_Jan19,3510,12,5,$85,0.34%,41.67%,$7.08,AW_Jan19,5883,53,44,$191,0.90%,83.02%,$3.60
10/30/2019,FB_Jan19,1118,19,9,$85,1.70%,47.37%,$4.47,AW_Jan19,3651,66,43,$71,1.81%,65.15%,$1.08
10/31/2019,FB_Jan19,3421,22,20,$81,0.64%,90.91%,$3.68,AW_Jan19,5939,73,14,$79,1.23%,19.18%,$1.08
11/1/2019,FB_Jan19,1782,26,12,$67,1.46%,46.15%,$2.58,AW_Jan19,5230,48,28,$128,0.92%,58.33%,$2.67
11/2/2019,FB_Jan19,1845,34,22,$71,1.84%,64.71%,$2.09,AW_Jan19,5461,59,24,$101,1.08%,40.68%,$1.71
11/3/2019,FB_Jan19,1685,30,7,$81,1.78%,23.33%,$2.70,AW_Jan19,4245,78,15,$87,1.84%,19.23%,$1.12
11/4/2019,FB_Jan19,3196,22,12,$95,0.69%,54.55%,$4.32,AW_Jan19,5285,46,26,$155,0.87%,56.52%,$3.37
11/5/2019,FB_Jan19,1661,34,26,$141,2.05%,76.47%,$4.15,AW_Jan19,3769,68,24,$96,1.80%,35.29%,$1.41
11/6/2019,FB_Jan19,2486,32,28,$93,1.29%,87.50%,$2.91,AW_Jan19,3460,61,46,$166,1.76%,75.41%,$2.72
11/7/2019,FB_Jan19,3743,12,11,$68,0.32%,91.67%,$5.67,AW_Jan19,3022,68,33,$108,2.25%,48.53%,$1.59
11/8/2019,FB_Jan19,3155,34,9,$57,1.08%,26.47%,$1.68,AW_Jan19,3361,55,11,$198,1.64%,20.00%,$3.60
11/9/2019,FB_Jan19,2899,14,7,$114,0.48%,50.00%,$8.14,AW_Jan19,4923,79,67,$175,1.60%,84.81%,$2.22
11/10/2019,FB_Jan19,3520,19,9,$95,0.54%,47.37%,$5.00,AW_Jan19,5278,66,30,$135,1.25%,45.45%,$2.05
11/11/2019,FB_Jan19,3984,22,13,$85,0.55%,59.09%,$3.86,AW_Jan19,5645,65,61,$123,1.15%,93.85%,$1.89
11/12/2019,FB_Jan19,3256,23,18,$83,0.71%,78.26%,$3.61,AW_Jan19,5634,55,54,$139,0.98%,98.18%,$2.53
11/13/2019,FB_Jan19,2124,13,11,$53,0.61%,84.62%,$4.08,AW_Jan19,4043,49,27,$106,1.21%,55.10%,$2.16
11/14/2019,FB_Jan19,2492,49,43,$70,1.97%,87.76%,$1.43,AW_Jan19,5249,77,49,$73,1.47%,63.64%,$0.95
11/15/2019,FB_Jan19,1187,29,21,$120,2.44%,72.41%,$4.14,AW_Jan19,5563,68,17,$72,1.22%,25.00%,$1.06
11/16/2019,FB_Jan19,1335,13,12,$73,0.97%,92.31%,$5.62,AW_Jan19,3161,69,22,$129,2.18%,31.88%,$1.87
11/17/2019,FB_Jan19,3962,28,26,$73,0.71%,92.86%,$2.61,AW_Jan19,4132,51,33,$127,1.23%,64.71%,$2.49
11/18/2019,FB_Jan19,1997,40,23,$97,2.00%,57.50%,$2.42,AW_Jan19,3739,69,58,$182,1.85%,84.06%,$2.64
11/19/2019,FB_Jan19,2206,42,22,$112,1.90%,52.38%,$2.67,AW_Jan19,4651,67,62,$116,1.44%,92.54%,$1.73
11/20/2019,FB_Jan19,1970,42,21,$119,2.13%,50.00%,$2.83,AW_Jan19,4283,59,51,$116,1.38%,86.44%,$1.97
11/21/2019,FB_Jan19,3010,24,10,$96,0.80%,41.67%,$4.00,AW_Jan19,5125,50,42,$159,0.98%,84.00%,$3.18
11/22/2019,FB_Jan19,1836,19,6,$52,1.03%,31.58%,$2.74,AW_Jan19,3972,69,54,$104,1.74%,78.26%,$1.51
11/23/2019,FB_Jan19,1921,14,9,$133,0.73%,64.29%,$9.50,AW_Jan19,5096,60,13,$74,1.18%,21.67%,$1.23
11/24/2019,FB_Jan19,3403,15,14,$53,0.44%,93.33%,$3.53,AW_Jan19,3637,78,42,$198,2.14%,53.85%,$2.54
11/25/2019,FB_Jan19,3839,45,10,$90,1.17%,22.22%,$2.00,AW_Jan19,4205,70,27,$105,1.66%,38.57%,$1.50
11/26/2019,FB_Jan19,3772,39,28,$79,1.03%,71.79%,$2.03,AW_Jan19,4365,67,10,$83,1.53%,14.93%,$1.24
11/27/2019,FB_Jan19,1631,19,10,$144,1.16%,52.63%,$7.58,AW_Jan19,4641,64,16,$139,1.38%,25.00%,$2.17
11/28/2019,FB_Jan19,2579,18,17,$149,0.70%,94.44%,$8.28,AW_Jan19,4719,59,21,$176,1.25%,35.59%,$2.98
11/29/2019,FB_Jan19,2464,30,8,$99,1.22%,26.67%,$3.30,AW_Jan19,5010,46,9,$196,0.92%,19.57%,$4.26
11/30/2019,FB_Jan19,2422,27,15,$69,1.11%,55.56%,$2.56,AW_Jan19,4495,54,51,$189,1.20%,94.44%,$3.50
12/1/2019,FB_Jan19,1895,23,9,$107,1.21%,39.13%,$4.65,AW_Jan19,5068,57,8,$156,1.12%,14.04%,$2.74
12/2/2019,FB_Jan19,2753,46,28,$98,1.67%,60.87%,$2.13,AW_Jan19,4938,64,24,$197,1.30%,37.50%,$3.08
12/3/2019,FB_Jan19,2931,42,8,$120,1.43%,19.05%,$2.86,AW_Jan19,3597,72,27,$130,2.00%,37.50%,$1.81
12/4/2019,FB_Jan19,1572,43,32,$107,2.74%,74.42%,$2.49,AW_Jan19,5090,78,52,$86,1.53%,66.67%,$1.10
12/5/2019,FB_Jan19,2633,15,10,$147,0.57%,66.67%,$9.80,AW_Jan19,5889,60,8,$71,1.02%,13.33%,$1.18
12/6/2019,FB_Jan19,3069,11,6,$147,0.36%,54.55%,$13.36,AW_Jan19,4903,78,43,$107,1.59%,55.13%,$1.37
12/7/2019,FB_Jan19,2979,19,7,$113,0.64%,36.84%,$5.95,AW_Jan19,5290,71,10,$90,1.34%,14.08%,$1.27
12/8/2019,FB_Jan19,1531,35,8,$135,2.29%,22.86%,$3.86,AW_Jan19,4678,79,17,$194,1.69%,21.52%,$2.46
12/9/2019,FB_Jan19,3727,37,30,$112,0.99%,81.08%,$3.03,AW_Jan19,5113,64,59,$113,1.25%,92.19%,$1.77
12/10/2019,FB_Jan19,2577,44,10,$88,1.71%,22.73%,$2.00,AW_Jan19,4814,64,62,$120,1.33%,96.88%,$1.88
12/11/2019,FB_Jan19,1778,21,14,$57,1.18%,66.67%,$2.71,AW_Jan19,5555,67,44,$154,1.21%,65.67%,$2.30
12/12/2019,FB_Jan19,3614,18,12,$131,0.50%,66.67%,$7.28,AW_Jan19,5601,59,9,$81,1.05%,15.25%,$1.37
12/13/2019,FB_Jan19,3433,16,7,$52,0.47%,43.75%,$3.25,AW_Jan19,3282,79,36,$198,2.41%,45.57%,$2.51
12/14/2019,FB_Jan19,2014,17,9,$81,0.84%,52.94%,$4.76,AW_Jan19,4915,76,7,$179,1.55%,9.21%,$2.36
12/15/2019,FB_Jan19,2781,28,13,$61,1.01%,46.43%,$2.18,AW_Jan19,4930,55,4,$132,1.12%,7.27%,$2.40
12/16/2019,FB_Jan19,2910,30,17,$83,1.03%,56.67%,$2.77,AW_Jan19,4283,67,41,$128,1.56%,61.19%,$1.91
12/17/2019,FB_Jan19,1246,36,9,$74,2.89%,25.00%,$2.06,AW_Jan19,5178,72,71,$94,1.39%,98.61%,$1.31
12/18/2019,FB_Jan19,2939,43,30,$54,1.46%,69.77%,$1.26,AW_Jan19,3226,67,32,$78,2.08%,47.76%,$1.16
12/19/2019,FB_Jan19,2395,47,10,$132,1.96%,21.28%,$2.81,AW_Jan19,4418,41,12,$145,0.93%,29.27%,$3.54
12/20/2019,FB_Jan19,1475,39,30,$70,2.64%,76.92%,$1.79,AW_Jan19,5203,65,36,$103,1.25%,55.38%,$1.58
12/21/2019,FB_Jan19,1040,27,15,$106,2.60%,55.56%,$3.93,AW_Jan19,5326,61,20,$138,1.15%,32.79%,$2.26
12/22/2019,FB_Jan19,3667,20,18,$64,0.55%,90.00%,$3.20,AW_Jan19,3930,72,19,$135,1.83%,26.39%,$1.88
12/23/2019,FB_Jan19,1482,49,32,$96,3.31%,65.31%,$1.96,AW_Jan19,4958,45,12,$193,0.91%,26.67%,$4.29
12/24/2019,FB_Jan19,3048,17,11,$136,0.56%,64.71%,$8.00,AW_Jan19,3639,42,7,$116,1.15%,16.67%,$2.76
12/25/2019,FB_Jan19,2829,24,7,$106,0.85%,29.17%,$4.42,AW_Jan19,3948,53,39,$108,1.34%,73.58%,$2.04
12/26/2019,FB_Jan19,1392,44,17,$128,3.16%,38.64%,$2.91,AW_Jan19,5257,72,9,$160,1.37%,12.50%,$2.22
12/27/2019,FB_Jan19,2377,47,18,$149,1.98%,38.30%,$3.17,AW_Jan19,3500,47,38,$99,1.34%,80.85%,$2.11
12/28/2019,FB_Jan19,3046,23,21,$74,0.76%,91.30%,$3.22,AW_Jan19,3423,63,17,$171,1.84%,26.98%,$2.71
12/29/2019,FB_Jan19,2750,31,20,$132,1.13%,64.52%,$4.26,AW_Jan19,5994,42,22,$97,0.70%,52.38%,$2.31
12/30/2019,FB_Jan19,1979,16,13,$68,0.81%,81.25%,$4.25,AW_Jan19,5990,53,41,$130,0.88%,77.36%,$2.45
12/31/2019,FB_Jan19,3723,49,21,$79,1.32%,42.86%,$1.61,AW_Jan19,3264,72,55,$158,2.21%,76.39%,$2.19
